{
	"averageLatency":1.2356114236964295,
	"deduplicateRate":0.19321817018554063,
	"deletes":302,
	"falseDeleteRate":0.0,
	"fprData":[
		0.0,
		0.0,
		0.0,
		0.0,
		0.0,
		0.0,
		0.0,
		0.0,
		0.0,
		0.0,
		0.0,
		0.0,
		0.0,
		0.0,
		0.0,
		0.0,
		0.0,
		0.0,
		0.0,
		0.0,
		0.0,
		0.0,
		0.0,
		0.0,
		0.0,
		0.0,
		0.0,
		0.0,
		0.0,
		0.0,
		0.0,
		0.0,
		0.0,
		0.0,
		0.0,
		0.0,
		0.0,
		0.0,
		0.0,
		0.0,
		0.0,
		0.0,
		0.0,
		0.0,
		0.0,
		0.0,
		0.0,
		4.0E-4,
		1.3333333333333334E-4,
		1.3333333333333334E-4,
		1.3333333333333334E-4,
		0.0,
		0.0,
		2.666666666666667E-4,
		4.0E-4,
		0.0,
		1.3333333333333334E-4,
		0.0,
		0.0,
		5.333333333333334E-4,
		1.3333333333333334E-4,
		1.3333333333333334E-4,
		1.3333333333333334E-4,
		2.666666666666667E-4,
		1.3333333333333334E-4,
		2.666666666666667E-4,
		2.666666666666667E-4,
		2.666666666666667E-4,
		1.3333333333333334E-4,
		2.666666666666667E-4,
		0.0,
		4.0E-4,
		0.0,
		1.3333333333333334E-4,
		2.666666666666667E-4,
		2.666666666666667E-4,
		2.666666666666667E-4,
		5.333333333333334E-4,
		1.3333333333333334E-4,
		2.666666666666667E-4,
		1.3333333333333334E-4,
		0.0,
		2.666666666666667E-4,
		0.0,
		2.666666666666667E-4,
		0.0,
		4.0E-4,
		2.666666666666667E-4,
		0.0,
		1.3333333333333334E-4,
		4.0E-4,
		1.3333333333333334E-4,
		0.0,
		2.666666666666667E-4,
		4.0E-4,
		1.3333333333333334E-4,
		1.3333333333333334E-4,
		5.333333333333334E-4,
		1.3333333333333334E-4,
		0.0,
		1.3333333333333334E-4,
		0.0,
		1.3333333333333334E-4,
		1.3333333333333334E-4,
		0.0,
		0.0,
		0.0,
		1.3333333333333334E-4,
		2.666666666666667E-4,
		0.0,
		1.3333333333333334E-4,
		2.666666666666667E-4,
		1.3333333333333334E-4,
		2.666666666666667E-4,
		1.3333333333333334E-4,
		1.3333333333333334E-4,
		0.0,
		5.333333333333334E-4,
		0.0,
		4.0E-4,
		4.0E-4,
		0.0,
		2.666666666666667E-4,
		1.3333333333333334E-4,
		1.3333333333333334E-4,
		0.0,
		1.3333333333333334E-4,
		4.0E-4,
		0.0,
		1.3333333333333334E-4,
		1.3333333333333334E-4,
		1.3333333333333334E-4,
		2.666666666666667E-4,
		0.0,
		2.666666666666667E-4,
		5.333333333333334E-4,
		1.3333333333333334E-4,
		1.3333333333333334E-4,
		1.3333333333333334E-4,
		9.333333333333333E-4,
		1.3333333333333334E-4,
		4.0E-4,
		5.333333333333334E-4,
		0.0,
		2.666666666666667E-4,
		1.3333333333333334E-4,
		5.333333333333334E-4,
		1.3333333333333334E-4,
		4.0E-4,
		2.666666666666667E-4,
		5.333333333333334E-4,
		1.3333333333333334E-4,
		4.0E-4,
		1.3333333333333334E-4,
		4.0E-4,
		1.3333333333333334E-4,
		4.0E-4,
		4.0E-4,
		2.666666666666667E-4,
		5.333333333333334E-4,
		1.3333333333333334E-4,
		6.666666666666666E-4,
		4.0E-4,
		5.333333333333334E-4,
		1.3333333333333334E-4,
		1.3333333333333334E-4,
		2.666666666666667E-4,
		2.666666666666667E-4,
		2.666666666666667E-4,
		2.666666666666667E-4,
		4.0E-4,
		2.666666666666667E-4,
		4.0E-4,
		9.333333333333333E-4,
		0.0,
		2.666666666666667E-4,
		4.0E-4,
		1.3333333333333334E-4,
		4.0E-4,
		4.0E-4,
		1.3333333333333334E-4,
		2.666666666666667E-4,
		4.0E-4,
		2.666666666666667E-4,
		6.666666666666666E-4,
		4.0E-4,
		0.0,
		4.0E-4,
		0.0012000000000000001,
		5.333333333333334E-4,
		4.0E-4,
		0.0,
		2.666666666666667E-4,
		5.333333333333334E-4,
		4.0E-4,
		8.0E-4,
		1.3333333333333334E-4,
		4.0E-4,
		2.666666666666667E-4,
		2.666666666666667E-4
	],
	"memory":[3076,3291,3683,4170,4416,4753,5104,5620,5859,6250,6413,6581,7253,8288,8705,8919,9098,9386,9776,10213,10466,10789,10898,11010,11392,11998,12579,13633,14353,14963,15662,15889,15923,16177,17151,17451,17586,17838,18124,18341,18406,18656,18790,18993,19373,19866,20163,20397,20641,20897,21606,21926,22443,23745,24006,25243,25713,25809,26427,26977,27233,27489,27595,27617,27745,27787,27958,28043,28321,28470,29113,29465,30267,30875,31529,31614,31893,32114,32421,32517,32517,32560,32816,32930,33321,33896,34096,34781,35058,35100,35100,35100,35186,35442,35998,36449,36449,36593,37195,37780,37780,37780,38260,38384,39113,39900,40083,40313,40457,41072,42224,43289,43750,44288,45041,46112,46265,46380,46841,47072,47264,47264,47571,47571,47571,47571,47571,47571,47571,47571,47571,47724,47724,47878,47878,48224,48838,48992,49184,49184,49184,49491,50144,50144,50144,50297,50297,50297,50297,50336,50336,50489,50643,50720,50873,51027,51214,51368,51522,51522,51522,51675,51675,51829,52059,52059,52578,52597,52635,52789,52789,52789,53557,53557,53557,53557,53576,54133,54261,54730,55383,55880,55880,56034,56034,56034,56034,56034,56034,56034,56110,56264,56264,56264,56264,56264,56264,56264,56264,56264],
	"root_false":0,
	"timestamp":"10-12 20-06-02 AutoExpandQuotientFilter latencyPlus"
}